{"playback_info": {"start_time": 1761887593.4862375, "end_time": null, "initial_buffering_duration": 0.01905965805053711, "interruptions": {"count": 2, "events": [[1761887645.4875958, 1761887647.1957717], [1761887651.1969936, 1761887653.9076817]], "total_duration": 4.418864011764526}, "up_shifts": 15, "down_shifts": 10}, "playback_type": "basic", "video_metadata": {"mpd_file": "BigBuckBunny_4s.mpd", "playback_duration": 596.46, "available_bitrates": [45226, 88783, 128503, 177437, 217761, 255865, 323047, 378355, 509091, 577751, 782553, 1008699, 1207152, 1473801, 2087347, 2409742, 2944291, 3340509, 3613836, 3936261]}, "segment_info": [["BigBuckBunny_4s_init.mp4", 45226, 877, 0.01232275300026231], ["BigBuckBunny_4s1.m4s", 88783.0, 43062, 0.3882148699995014], ["BigBuckBunny_4s2.m4s", 128503.0, 69162, 0.6830739390006784], ["BigBuckBunny_4s3.m4s", 177437.0, 99254, 0.9676433550012007], ["BigBuckBunny_4s4.m4s", 217761.0, 118638, 1.0709105450005154], ["BigBuckBunny_4s5.m4s", 255865.0, 110936, 1.0481746419991396], ["BigBuckBunny_4s6.m4s", 323047.0, 105488, 1.1310591689998546], ["BigBuckBunny_4s7.m4s", 378355.0, 241936, 2.527385167999455], ["BigBuckBunny_4s8.m4s", 509091.0, 288784, 3.4135580220008706], ["BigBuckBunny_4s9.m4s", 577751.0, 311430, 3.7822898570011603], ["BigBuckBunny_4s10.m4s", 782553.0, 425152, 12.94464310100011], ["BigBuckBunny_4s11.m4s", 378355.0, 243285, 10.563274370000727], ["BigBuckBunny_4s12.m4s", 255865.0, 148344, 6.265772579999975], ["BigBuckBunny_4s13.m4s", 217761.0, 122266, 8.904256832000101], ["BigBuckBunny_4s14.m4s", 177437.0, 91245, 6.710351165000247], ["BigBuckBunny_4s15.m4s", 128503.0, 46714, 1.9714123170015228], ["BigBuckBunny_4s16.m4s", 88783.0, 44748, 2.179016746000343], ["BigBuckBunny_4s17.m4s", 128503.0, 63007, 5.561254584999915], ["BigBuckBunny_4s18.m4s", 88783.0, 43556, 2.4715832309993857], ["BigBuckBunny_4s19.m4s", 128503.0, 61392, 3.4553844579986617], ["BigBuckBunny_4s20.m4s", 88783.0, 47249, 2.7856412999990425], ["BigBuckBunny_4s21.m4s", 128503.0, 72068, 2.280695249999553], ["BigBuckBunny_4s22.m4s", 88783.0, 44912, 1.331312619999153], ["BigBuckBunny_4s23.m4s", 128503.0, 53698, 1.5203650049988937], ["BigBuckBunny_4s24.m4s", 177437.0, 80677, 3.8357688640007837], ["BigBuckBunny_4s25.m4s", 128503.0, 51931, 2.7492889290006133]]}