{"playback_info": {"start_time": 1761885945.3250475, "end_time": null, "initial_buffering_duration": 0.019010543823242188, "interruptions": {"count": 0, "events": [], "total_duration": 0}, "up_shifts": 27, "down_shifts": 11}, "playback_type": "basic", "video_metadata": {"mpd_file": "BigBuckBunny_4s.mpd", "playback_duration": 596.46, "available_bitrates": [45226, 88783, 128503, 177437, 217761, 255865, 323047, 378355, 509091, 577751, 782553, 1008699, 1207152, 1473801, 2087347, 2409742, 2944291, 3340509, 3613836, 3936261]}, "segment_info": [["BigBuckBunny_4s_init.mp4", 45226, 877, 0.012277238000024226], ["BigBuckBunny_4s1.m4s", 88783.0, 43062, 0.2278979740003706], ["BigBuckBunny_4s2.m4s", 128503.0, 69162, 0.3407089880001877], ["BigBuckBunny_4s3.m4s", 177437.0, 99254, 0.4975807259997964], ["BigBuckBunny_4s4.m4s", 217761.0, 118638, 0.6811372100000881], ["BigBuckBunny_4s5.m4s", 255865.0, 110936, 0.6169622979996348], ["BigBuckBunny_4s6.m4s", 323047.0, 105488, 0.4706884650004213], ["BigBuckBunny_4s7.m4s", 378355.0, 241936, 1.0381641800013313], ["BigBuckBunny_4s8.m4s", 509091.0, 288784, 0.9198888519986212], ["BigBuckBunny_4s9.m4s", 577751.0, 311430, 0.8979650730016147], ["BigBuckBunny_4s10.m4s", 782553.0, 425152, 1.7128362630010088], ["BigBuckBunny_4s11.m4s", 1008699.0, 580463, 5.442317746999834], ["BigBuckBunny_4s12.m4s", 1207152.0, 733302, 4.621154508000473], ["BigBuckBunny_4s13.m4s", 1008699.0, 576366, 2.6967577709983743], ["BigBuckBunny_4s14.m4s", 1207152.0, 751619, 8.053578880000714], ["BigBuckBunny_4s15.m4s", 782553.0, 300691, 2.0911745180001162], ["BigBuckBunny_4s16.m4s", 1008699.0, 429061, 2.6508294600007503], ["BigBuckBunny_4s17.m4s", 782553.0, 400185, 2.4561614570011443], ["BigBuckBunny_4s18.m4s", 1008699.0, 452650, 2.2541123640003207], ["BigBuckBunny_4s19.m4s", 782553.0, 398210, 1.7486639290000312], ["BigBuckBunny_4s20.m4s", 1008699.0, 615963, 2.9535409929994785], ["BigBuckBunny_4s21.m4s", 1207152.0, 684557, 2.73628876300063], ["BigBuckBunny_4s22.m4s", 1473801.0, 343865, 1.4069348419998278], ["BigBuckBunny_4s23.m4s", 2087347.0, 755102, 5.437079450000965], ["BigBuckBunny_4s24.m4s", 1207152.0, 303154, 1.49474025499876], ["BigBuckBunny_4s25.m4s", 1473801.0, 393241, 1.8226779300002818], ["BigBuckBunny_4s26.m4s", 1207152.0, 516507, 2.3276723549988674], ["BigBuckBunny_4s27.m4s", 1473801.0, 496371, 2.107558642001095], ["BigBuckBunny_4s28.m4s", 1207152.0, 437711, 3.1598510410003655], ["BigBuckBunny_4s29.m4s", 1473801.0, 778571, 5.182572304000132], ["BigBuckBunny_4s30.m4s", 1008699.0, 566207, 3.829697291001139], ["BigBuckBunny_4s31.m4s", 1207152.0, 703976, 3.645893025000987], ["BigBuckBunny_4s32.m4s", 1008699.0, 503215, 2.8753307159986434], ["BigBuckBunny_4s33.m4s", 1207152.0, 649251, 3.078297162999661], ["BigBuckBunny_4s34.m4s", 1008699.0, 584588, 3.1154428099998768], ["BigBuckBunny_4s35.m4s", 1207152.0, 722605, 4.324796121998588], ["BigBuckBunny_4s36.m4s", 1473801.0, 911816, 5.011866488999658], ["BigBuckBunny_4s37.m4s", 1207152.0, 572123, 2.9850021120000747], ["BigBuckBunny_4s38.m4s", 1473801.0, 697596, 3.6802094630002102]]}