{"playback_info": {"start_time": 1761887264.7777894, "end_time": null, "initial_buffering_duration": 0.01906442642211914, "interruptions": {"count": 0, "events": [], "total_duration": 0}, "up_shifts": 19, "down_shifts": 0}, "playback_type": "basic", "video_metadata": {"mpd_file": "BigBuckBunny_4s.mpd", "playback_duration": 596.46, "available_bitrates": [45226, 88783, 128503, 177437, 217761, 255865, 323047, 378355, 509091, 577751, 782553, 1008699, 1207152, 1473801, 2087347, 2409742, 2944291, 3340509, 3613836, 3936261]}, "segment_info": [["BigBuckBunny_4s_init.mp4", 45226, 877, 0.012338364000243018], ["BigBuckBunny_4s1.m4s", 88783.0, 43062, 0.04056191699964984], ["BigBuckBunny_4s2.m4s", 128503.0, 69162, 0.10280947499995818], ["BigBuckBunny_4s3.m4s", 177437.0, 99254, 0.1256598660002055], ["BigBuckBunny_4s4.m4s", 217761.0, 118638, 0.15421770099965215], ["BigBuckBunny_4s5.m4s", 255865.0, 110936, 0.13990230000126758], ["BigBuckBunny_4s6.m4s", 323047.0, 105488, 0.13995128000169643], ["BigBuckBunny_4s7.m4s", 378355.0, 241936, 0.30510091799988004], ["BigBuckBunny_4s8.m4s", 509091.0, 288784, 0.3660133860012138], ["BigBuckBunny_4s9.m4s", 577751.0, 311430, 0.39501962200120033], ["BigBuckBunny_4s10.m4s", 782553.0, 425152, 0.5484337420002703], ["BigBuckBunny_4s11.m4s", 1008699.0, 580463, 0.7629432350004208], ["BigBuckBunny_4s12.m4s", 1207152.0, 733302, 1.1603120170002512], ["BigBuckBunny_4s13.m4s", 1473801.0, 965248, 1.8842799600006401], ["BigBuckBunny_4s14.m4s", 2087347.0, 1265147, 0.9021765159995994], ["BigBuckBunny_4s15.m4s", 2409742.0, 635623, 0.6403386679994583], ["BigBuckBunny_4s16.m4s", 2944291.0, 1117256, 0.5137791569995898], ["BigBuckBunny_4s17.m4s", 3340509.0, 1673157, 0.8553580759999022], ["BigBuckBunny_4s18.m4s", 3613836.0, 1318663, 1.0975495729999238], ["BigBuckBunny_4s19.m4s", 3936261.0, 1926863, 3.329441298999882], ["BigBuckBunny_4s20.m4s", 3936261.0, 4139165, 3.7591945999993186], ["BigBuckBunny_4s21.m4s", 3936261.0, 1619681, 1.2672555780009134], ["BigBuckBunny_4s22.m4s", 3936261.0, 650867, 0.4254319840001699], ["BigBuckBunny_4s23.m4s", 3936261.0, 1160655, 0.8121554400004243], ["BigBuckBunny_4s24.m4s", 3936261.0, 572511, 0.37122193399954995], ["BigBuckBunny_4s25.m4s", 3936261.0, 870310, 0.5623427359987545], ["BigBuckBunny_4s26.m4s", 3936261.0, 1262434, 0.8700126559997443], ["BigBuckBunny_4s27.m4s", 3936261.0, 963281, 0.6732278359995689], ["BigBuckBunny_4s28.m4s", 3936261.0, 872918, 0.6814513230001467]]}