{"playback_info": {"start_time": 1761887096.8732533, "end_time": null, "initial_buffering_duration": 0.018978357315063477, "interruptions": {"count": 0, "events": [], "total_duration": 0}, "up_shifts": 19, "down_shifts": 0}, "playback_type": "basic", "video_metadata": {"mpd_file": "BigBuckBunny_4s.mpd", "playback_duration": 596.46, "available_bitrates": [45226, 88783, 128503, 177437, 217761, 255865, 323047, 378355, 509091, 577751, 782553, 1008699, 1207152, 1473801, 2087347, 2409742, 2944291, 3340509, 3613836, 3936261]}, "segment_info": [["BigBuckBunny_4s_init.mp4", 45226, 877, 0.012266130999705638], ["BigBuckBunny_4s1.m4s", 88783.0, 43062, 0.04377249299977848], ["BigBuckBunny_4s2.m4s", 128503.0, 69162, 0.11186472000008507], ["BigBuckBunny_4s3.m4s", 177437.0, 99254, 0.1366486070000974], ["BigBuckBunny_4s4.m4s", 217761.0, 118638, 0.16797035000126925], ["BigBuckBunny_4s5.m4s", 255865.0, 110936, 0.1561764990001393], ["BigBuckBunny_4s6.m4s", 323047.0, 105488, 0.17539158100044006], ["BigBuckBunny_4s7.m4s", 378355.0, 241936, 0.39098005999949237], ["BigBuckBunny_4s8.m4s", 509091.0, 288784, 0.46504333300072176], ["BigBuckBunny_4s9.m4s", 577751.0, 311430, 0.5151437469994562], ["BigBuckBunny_4s10.m4s", 782553.0, 425152, 0.7950459499988938], ["BigBuckBunny_4s11.m4s", 1008699.0, 580463, 1.5981296709996968], ["BigBuckBunny_4s12.m4s", 1207152.0, 733302, 2.504808691001017], ["BigBuckBunny_4s13.m4s", 1473801.0, 965248, 2.0908917159995326], ["BigBuckBunny_4s14.m4s", 2087347.0, 1265147, 0.6258848559991748], ["BigBuckBunny_4s15.m4s", 2409742.0, 635623, 0.29628744600086065], ["BigBuckBunny_4s16.m4s", 2944291.0, 1117256, 0.7458306179996725], ["BigBuckBunny_4s17.m4s", 3340509.0, 1673157, 3.036179173999699], ["BigBuckBunny_4s18.m4s", 3613836.0, 1318663, 1.8780882530008967], ["BigBuckBunny_4s19.m4s", 3936261.0, 1926863, 1.4625700480009982], ["BigBuckBunny_4s20.m4s", 3936261.0, 4139165, 2.9451174949990673], ["BigBuckBunny_4s21.m4s", 3936261.0, 1619681, 1.0639132899996184], ["BigBuckBunny_4s22.m4s", 3936261.0, 650867, 0.45724736000011035], ["BigBuckBunny_4s23.m4s", 3936261.0, 1160655, 0.7704346669997904], ["BigBuckBunny_4s24.m4s", 3936261.0, 572511, 0.40136371000153304], ["BigBuckBunny_4s25.m4s", 3936261.0, 870310, 0.6253478940016066], ["BigBuckBunny_4s26.m4s", 3936261.0, 1262434, 0.9602250930001901], ["BigBuckBunny_4s27.m4s", 3936261.0, 963281, 0.6855256460003147], ["BigBuckBunny_4s28.m4s", 3936261.0, 872918, 0.6061869570003182], ["BigBuckBunny_4s29.m4s", 3936261.0, 1630472, 1.3067401759999484]]}