{"playback_info": {"start_time": 1761884921.8927655, "end_time": null, "initial_buffering_duration": 0.019162654876708984, "interruptions": {"count": 0, "events": [], "total_duration": 0}, "up_shifts": 27, "down_shifts": 8}, "playback_type": "basic", "video_metadata": {"mpd_file": "BigBuckBunny_4s.mpd", "playback_duration": 596.46, "available_bitrates": [45226, 88783, 128503, 177437, 217761, 255865, 323047, 378355, 509091, 577751, 782553, 1008699, 1207152, 1473801, 2087347, 2409742, 2944291, 3340509, 3613836, 3936261]}, "segment_info": [["BigBuckBunny_4s_init.mp4", 45226, 877, 0.012428310001268983], ["BigBuckBunny_4s1.m4s", 88783.0, 43062, 0.0636667889993987], ["BigBuckBunny_4s2.m4s", 128503.0, 69162, 0.17070884999884584], ["BigBuckBunny_4s3.m4s", 177437.0, 99254, 0.21033735399942088], ["BigBuckBunny_4s4.m4s", 217761.0, 118638, 0.2983605029985483], ["BigBuckBunny_4s5.m4s", 255865.0, 110936, 0.30839917000048445], ["BigBuckBunny_4s6.m4s", 323047.0, 105488, 0.3004285949991754], ["BigBuckBunny_4s7.m4s", 378355.0, 241936, 0.5814116049987206], ["BigBuckBunny_4s8.m4s", 509091.0, 288784, 0.6297164739989967], ["BigBuckBunny_4s9.m4s", 577751.0, 311430, 0.6875006350001058], ["BigBuckBunny_4s10.m4s", 782553.0, 425152, 1.0023296239996853], ["BigBuckBunny_4s11.m4s", 1008699.0, 580463, 1.1472716180014686], ["BigBuckBunny_4s12.m4s", 1207152.0, 733302, 1.3095106930013571], ["BigBuckBunny_4s13.m4s", 1473801.0, 965248, 1.8078966360008053], ["BigBuckBunny_4s14.m4s", 2087347.0, 1265147, 2.3511001789993315], ["BigBuckBunny_4s15.m4s", 2409742.0, 635623, 1.2044253860003664], ["BigBuckBunny_4s16.m4s", 2944291.0, 1117256, 2.198006811999221], ["BigBuckBunny_4s17.m4s", 3340509.0, 1673157, 3.443616379001469], ["BigBuckBunny_4s18.m4s", 3613836.0, 1318663, 2.4449425650000194], ["BigBuckBunny_4s19.m4s", 3340509.0, 1667484, 3.2451910079998925], ["BigBuckBunny_4s20.m4s", 3613836.0, 3097219, 6.435329668998747], ["BigBuckBunny_4s21.m4s", 2944291.0, 1516616, 3.670043173000522], ["BigBuckBunny_4s22.m4s", 3340509.0, 650574, 1.9569915120009682], ["BigBuckBunny_4s23.m4s", 2944291.0, 981087, 2.095118860999719], ["BigBuckBunny_4s24.m4s", 3340509.0, 564376, 1.4267830310000136], ["BigBuckBunny_4s25.m4s", 2409742.0, 693389, 1.9843389199995727], ["BigBuckBunny_4s26.m4s", 2944291.0, 1173789, 3.1610448759984138], ["BigBuckBunny_4s27.m4s", 2409742.0, 941063, 2.154668114000742], ["BigBuckBunny_4s28.m4s", 2944291.0, 871857, 1.7167587929998263], ["BigBuckBunny_4s29.m4s", 2409742.0, 1364871, 2.957545724000738], ["BigBuckBunny_4s30.m4s", 2944291.0, 1911013, 3.5470116939995933], ["BigBuckBunny_4s31.m4s", 3340509.0, 1847124, 3.671495746999426], ["BigBuckBunny_4s32.m4s", 2944291.0, 1307553, 2.3034045069998683], ["BigBuckBunny_4s33.m4s", 3340509.0, 1400458, 2.914061869998477], ["BigBuckBunny_4s34.m4s", 3613836.0, 1679012, 3.8020683270005975], ["BigBuckBunny_4s35.m4s", 3340509.0, 1725727, 3.6489019250002457]]}