{"playback_info": {"start_time": 1761886432.4954565, "end_time": null, "initial_buffering_duration": 0.01894831657409668, "interruptions": {"count": 0, "events": [], "total_duration": 0}, "up_shifts": 19, "down_shifts": 0}, "playback_type": "basic", "video_metadata": {"mpd_file": "BigBuckBunny_4s.mpd", "playback_duration": 596.46, "available_bitrates": [45226, 88783, 128503, 177437, 217761, 255865, 323047, 378355, 509091, 577751, 782553, 1008699, 1207152, 1473801, 2087347, 2409742, 2944291, 3340509, 3613836, 3936261]}, "segment_info": [["BigBuckBunny_4s_init.mp4", 45226, 877, 0.012241108999660355], ["BigBuckBunny_4s1.m4s", 88783.0, 43062, 0.13149888799853215], ["BigBuckBunny_4s2.m4s", 128503.0, 69162, 0.2911478019996139], ["BigBuckBunny_4s3.m4s", 177437.0, 99254, 0.3438165810002829], ["BigBuckBunny_4s4.m4s", 217761.0, 118638, 0.4054599089995463], ["BigBuckBunny_4s5.m4s", 255865.0, 110936, 0.34113514499949815], ["BigBuckBunny_4s6.m4s", 323047.0, 105488, 0.33298123799977475], ["BigBuckBunny_4s7.m4s", 378355.0, 241936, 0.640159221000431], ["BigBuckBunny_4s8.m4s", 509091.0, 288784, 0.6443660140012071], ["BigBuckBunny_4s9.m4s", 577751.0, 311430, 1.3330294999996113], ["BigBuckBunny_4s10.m4s", 782553.0, 425152, 0.9846710530000564], ["BigBuckBunny_4s11.m4s", 1008699.0, 580463, 0.8407906359989283], ["BigBuckBunny_4s12.m4s", 1207152.0, 733302, 0.8400266739990911], ["BigBuckBunny_4s13.m4s", 1473801.0, 965248, 1.1292884180002147], ["BigBuckBunny_4s14.m4s", 2087347.0, 1265147, 1.4062936730006186], ["BigBuckBunny_4s15.m4s", 2409742.0, 635623, 0.5250228029999562], ["BigBuckBunny_4s16.m4s", 2944291.0, 1117256, 1.7394156899990776], ["BigBuckBunny_4s17.m4s", 3340509.0, 1673157, 3.375003637000191], ["BigBuckBunny_4s18.m4s", 3613836.0, 1318663, 1.3633475250007905], ["BigBuckBunny_4s19.m4s", 3936261.0, 1926863, 1.6973889769997186], ["BigBuckBunny_4s20.m4s", 3936261.0, 4139165, 7.851317138000013], ["BigBuckBunny_4s21.m4s", 3936261.0, 1619681, 1.992528468999808], ["BigBuckBunny_4s22.m4s", 3936261.0, 650867, 0.8200204820004728], ["BigBuckBunny_4s23.m4s", 3936261.0, 1160655, 1.299796986999354], ["BigBuckBunny_4s24.m4s", 3936261.0, 572511, 0.48217523300081666], ["BigBuckBunny_4s25.m4s", 3936261.0, 870310, 0.7030588919988077], ["BigBuckBunny_4s26.m4s", 3936261.0, 1262434, 2.864036867998948]]}