{"playback_info": {"start_time": 1761884209.2935395, "end_time": null, "initial_buffering_duration": 0.019097566604614258, "interruptions": {"count": 0, "events": [], "total_duration": 0}, "up_shifts": 25, "down_shifts": 14}, "playback_type": "basic", "video_metadata": {"mpd_file": "BigBuckBunny_4s.mpd", "playback_duration": 596.46, "available_bitrates": [45226, 88783, 128503, 177437, 217761, 255865, 323047, 378355, 509091, 577751, 782553, 1008699, 1207152, 1473801, 2087347, 2409742, 2944291, 3340509, 3613836, 3936261]}, "segment_info": [["BigBuckBunny_4s_init.mp4", 45226, 877, 0.012389239000185626], ["BigBuckBunny_4s1.m4s", 88783.0, 43062, 0.41078576800009614], ["BigBuckBunny_4s2.m4s", 128503.0, 69162, 0.7314314589993955], ["BigBuckBunny_4s3.m4s", 177437.0, 99254, 1.0645339310003692], ["BigBuckBunny_4s4.m4s", 217761.0, 118638, 1.2005999650000376], ["BigBuckBunny_4s5.m4s", 255865.0, 110936, 0.9724223189996337], ["BigBuckBunny_4s6.m4s", 323047.0, 105488, 0.9997996360007164], ["BigBuckBunny_4s7.m4s", 378355.0, 241936, 2.3126211549997606], ["BigBuckBunny_4s8.m4s", 509091.0, 288784, 3.1830241210000167], ["BigBuckBunny_4s9.m4s", 577751.0, 311430, 3.047403841999767], ["BigBuckBunny_4s10.m4s", 782553.0, 425152, 4.515327999999499], ["BigBuckBunny_4s11.m4s", 577751.0, 339926, 4.353071616000307], ["BigBuckBunny_4s12.m4s", 782553.0, 444517, 5.5799480209998364], ["BigBuckBunny_4s13.m4s", 577751.0, 341359, 5.165581783999187], ["BigBuckBunny_4s14.m4s", 509091.0, 291963, 4.042400784000165], ["BigBuckBunny_4s15.m4s", 577751.0, 170551, 1.8601556809999238], ["BigBuckBunny_4s16.m4s", 378355.0, 129212, 1.1924296749994028], ["BigBuckBunny_4s17.m4s", 509091.0, 245942, 2.2295221909998872], ["BigBuckBunny_4s18.m4s", 577751.0, 249346, 2.5509836500004894], ["BigBuckBunny_4s19.m4s", 782553.0, 398210, 4.182874451999851], ["BigBuckBunny_4s20.m4s", 577751.0, 335373, 3.15734061799958], ["BigBuckBunny_4s21.m4s", 782553.0, 416653, 4.053896274000181], ["BigBuckBunny_4s22.m4s", 577751.0, 195464, 2.029854477000299], ["BigBuckBunny_4s23.m4s", 782553.0, 333710, 3.0870299250000244], ["BigBuckBunny_4s24.m4s", 577751.0, 173455, 1.8650574799994502], ["BigBuckBunny_4s25.m4s", 782553.0, 319440, 2.7936250239999936], ["BigBuckBunny_4s26.m4s", 577751.0, 250976, 2.9660436949998257], ["BigBuckBunny_4s27.m4s", 782553.0, 404731, 4.077169154999865], ["BigBuckBunny_4s28.m4s", 577751.0, 231112, 2.5081758759997683], ["BigBuckBunny_4s29.m4s", 782553.0, 406603, 4.160092160000204], ["BigBuckBunny_4s30.m4s", 577751.0, 319633, 3.107263935999981], ["BigBuckBunny_4s31.m4s", 782553.0, 422879, 4.625373418999516], ["BigBuckBunny_4s32.m4s", 577751.0, 284242, 3.2402546690000236], ["BigBuckBunny_4s33.m4s", 782553.0, 420720, 5.86268427899995], ["BigBuckBunny_4s34.m4s", 577751.0, 337208, 3.3842505299999175], ["BigBuckBunny_4s35.m4s", 782553.0, 425218, 4.348496546000206], ["BigBuckBunny_4s36.m4s", 577751.0, 340368, 3.840726252999957], ["BigBuckBunny_4s37.m4s", 782553.0, 389901, 3.9440755980003814], ["BigBuckBunny_4s38.m4s", 577751.0, 309720, 2.68156831000033], ["BigBuckBunny_4s39.m4s", 782553.0, 408046, 3.7055458659997385]]}