{"playback_info": {"start_time": 1761886835.24901, "end_time": null, "initial_buffering_duration": 0.02097916603088379, "interruptions": {"count": 0, "events": [], "total_duration": 0}, "up_shifts": 21, "down_shifts": 7}, "playback_type": "basic", "video_metadata": {"mpd_file": "BigBuckBunny_4s.mpd", "playback_duration": 596.46, "available_bitrates": [45226, 88783, 128503, 177437, 217761, 255865, 323047, 378355, 509091, 577751, 782553, 1008699, 1207152, 1473801, 2087347, 2409742, 2944291, 3340509, 3613836, 3936261]}, "segment_info": [["BigBuckBunny_4s_init.mp4", 45226, 877, 0.01225106399942888], ["BigBuckBunny_4s1.m4s", 88783.0, 43062, 0.24925125499976275], ["BigBuckBunny_4s2.m4s", 128503.0, 69162, 0.45559305300048436], ["BigBuckBunny_4s3.m4s", 177437.0, 99254, 0.6511632389992883], ["BigBuckBunny_4s4.m4s", 217761.0, 118638, 0.8731191970000509], ["BigBuckBunny_4s5.m4s", 255865.0, 110936, 0.9066232179993676], ["BigBuckBunny_4s6.m4s", 323047.0, 105488, 0.8050812100009352], ["BigBuckBunny_4s7.m4s", 378355.0, 241936, 1.6861230070007878], ["BigBuckBunny_4s8.m4s", 509091.0, 288784, 2.5591036080004415], ["BigBuckBunny_4s9.m4s", 577751.0, 311430, 4.30064358799973], ["BigBuckBunny_4s10.m4s", 782553.0, 425152, 1.8838798590004444], ["BigBuckBunny_4s11.m4s", 1008699.0, 580463, 4.857238825999957], ["BigBuckBunny_4s12.m4s", 782553.0, 444517, 1.045665398998608], ["BigBuckBunny_4s13.m4s", 1008699.0, 576366, 1.396668340999895], ["BigBuckBunny_4s14.m4s", 1207152.0, 751619, 1.8034977270017407], ["BigBuckBunny_4s15.m4s", 1473801.0, 333066, 0.9810908409999683], ["BigBuckBunny_4s16.m4s", 2087347.0, 988497, 2.4673753530005342], ["BigBuckBunny_4s17.m4s", 2409742.0, 1377579, 6.829494091000015], ["BigBuckBunny_4s18.m4s", 1473801.0, 621546, 4.096914036001181], ["BigBuckBunny_4s19.m4s", 2087347.0, 1037960, 4.310580274999666], ["BigBuckBunny_4s20.m4s", 1473801.0, 1022921, 3.6331066339989775], ["BigBuckBunny_4s21.m4s", 2087347.0, 1122266, 4.102001433000623], ["BigBuckBunny_4s22.m4s", 1473801.0, 343865, 1.2028302130001975], ["BigBuckBunny_4s23.m4s", 2087347.0, 755102, 2.722586249001324], ["BigBuckBunny_4s24.m4s", 1473801.0, 292979, 0.9905414500008192], ["BigBuckBunny_4s25.m4s", 2087347.0, 614490, 2.1160209579993534], ["BigBuckBunny_4s26.m4s", 1473801.0, 557029, 1.9928305049998016], ["BigBuckBunny_4s27.m4s", 2087347.0, 935234, 3.3108408989992313], ["BigBuckBunny_4s28.m4s", 1473801.0, 444405, 1.556571162000182]]}