{"playback_info": {"start_time": 1761883516.1755075, "end_time": null, "initial_buffering_duration": 0.01894402503967285, "interruptions": {"count": 4, "events": [[1761883628.176829, 1761883628.4696455], [1761883632.4708388, 1761883636.2049253], [1761883640.2060826, 1761883642.021356], [1761883646.0225592, 1761883646.087377]], "total_duration": 5.906994342803955}, "up_shifts": 38, "down_shifts": 23}, "playback_type": "basic", "video_metadata": {"mpd_file": "BigBuckBunny_4s.mpd", "playback_duration": 596.46, "available_bitrates": [45226, 88783, 128503, 177437, 217761, 255865, 323047, 378355, 509091, 577751, 782553, 1008699, 1207152, 1473801, 2087347, 2409742, 2944291, 3340509, 3613836, 3936261]}, "segment_info": [["BigBuckBunny_4s_init.mp4", 45226, 877, 0.01223167399984959], ["BigBuckBunny_4s1.m4s", 88783.0, 43062, 0.3003275199998825], ["BigBuckBunny_4s2.m4s", 128503.0, 69162, 0.616672364999431], ["BigBuckBunny_4s3.m4s", 177437.0, 99254, 0.8470327099994392], ["BigBuckBunny_4s4.m4s", 217761.0, 118638, 1.0022118409997347], ["BigBuckBunny_4s5.m4s", 255865.0, 110936, 0.9221972570003345], ["BigBuckBunny_4s6.m4s", 323047.0, 105488, 0.8818909230003555], ["BigBuckBunny_4s7.m4s", 378355.0, 241936, 2.0356574919997], ["BigBuckBunny_4s8.m4s", 509091.0, 288784, 2.4016969479998806], ["BigBuckBunny_4s9.m4s", 577751.0, 311430, 2.623724656000377], ["BigBuckBunny_4s10.m4s", 782553.0, 425152, 3.54091402999984], ["BigBuckBunny_4s11.m4s", 1008699.0, 580463, 4.854557528999976], ["BigBuckBunny_4s12.m4s", 782553.0, 444517, 3.7315419849992395], ["BigBuckBunny_4s13.m4s", 1008699.0, 576366, 4.810791082000833], ["BigBuckBunny_4s14.m4s", 782553.0, 434701, 3.6364195969999855], ["BigBuckBunny_4s15.m4s", 1008699.0, 313859, 2.62124773800042], ["BigBuckBunny_4s16.m4s", 782553.0, 347957, 2.9183608809998987], ["BigBuckBunny_4s17.m4s", 1008699.0, 552134, 4.620491980000224], ["BigBuckBunny_4s18.m4s", 782553.0, 374615, 3.131037481000021], ["BigBuckBunny_4s19.m4s", 1008699.0, 484179, 4.056145384999581], ["BigBuckBunny_4s20.m4s", 782553.0, 461770, 3.882622189000358], ["BigBuckBunny_4s21.m4s", 1008699.0, 564958, 4.724863108999671], ["BigBuckBunny_4s22.m4s", 782553.0, 339111, 2.8384846869994362], ["BigBuckBunny_4s23.m4s", 1008699.0, 377101, 3.1418653840000843], ["BigBuckBunny_4s24.m4s", 782553.0, 311645, 2.62408810099987], ["BigBuckBunny_4s25.m4s", 1008699.0, 350763, 2.935983723999925], ["BigBuckBunny_4s26.m4s", 782553.0, 359742, 11.12633549200018], ["BigBuckBunny_4s27.m4s", 509091.0, 255147, 21.527591487999416], ["BigBuckBunny_4s28.m4s", 255865.0, 118032, 9.886497559999953], ["BigBuckBunny_4s29.m4s", 177437.0, 92339, 7.733754169999884], ["BigBuckBunny_4s30.m4s", 128503.0, 68423, 5.81492661700031], ["BigBuckBunny_4s31.m4s", 88783.0, 46223, 4.064544801000011], ["BigBuckBunny_4s32.m4s", 45226.0, 21696, 2.0090449999997873], ["BigBuckBunny_4s33.m4s", 88783.0, 42477, 0.3536015790004967], ["BigBuckBunny_4s34.m4s", 128503.0, 69533, 0.5754257150001649], ["BigBuckBunny_4s35.m4s", 177437.0, 91369, 0.7660213050003222], ["BigBuckBunny_4s36.m4s", 217761.0, 118313, 0.9848544549995495], ["BigBuckBunny_4s37.m4s", 255865.0, 120073, 1.0160659260000102], ["BigBuckBunny_4s38.m4s", 323047.0, 162815, 1.370345730999361], ["BigBuckBunny_4s39.m4s", 378355.0, 207639, 1.7396207410001807], ["BigBuckBunny_4s40.m4s", 509091.0, 205411, 1.715000978999342], ["BigBuckBunny_4s41.m4s", 577751.0, 289249, 2.4110511509998105], ["BigBuckBunny_4s42.m4s", 782553.0, 372544, 3.135951359000501], ["BigBuckBunny_4s43.m4s", 1008699.0, 418063, 3.493904826000289], ["BigBuckBunny_4s44.m4s", 782553.0, 342560, 2.8693875460003255], ["BigBuckBunny_4s45.m4s", 1008699.0, 558646, 4.6601373459998285], ["BigBuckBunny_4s46.m4s", 782553.0, 416794, 3.499981871000273], ["BigBuckBunny_4s47.m4s", 1008699.0, 578270, 4.83267362999959], ["BigBuckBunny_4s48.m4s", 782553.0, 313743, 2.6348937429993384], ["BigBuckBunny_4s49.m4s", 1008699.0, 531318, 4.455564698000671], ["BigBuckBunny_4s50.m4s", 782553.0, 320363, 2.678307773000597], ["BigBuckBunny_4s51.m4s", 1008699.0, 481553, 4.014366628999596], ["BigBuckBunny_4s52.m4s", 782553.0, 370020, 3.1095607979996203], ["BigBuckBunny_4s53.m4s", 1008699.0, 573092, 4.780790024000453], ["BigBuckBunny_4s54.m4s", 782553.0, 423468, 3.548014254000009], ["BigBuckBunny_4s55.m4s", 1008699.0, 541583, 4.537384399000075], ["BigBuckBunny_4s56.m4s", 782553.0, 308687, 2.5827065359999324], ["BigBuckBunny_4s57.m4s", 1008699.0, 428458, 3.6020580989998052], ["BigBuckBunny_4s58.m4s", 782553.0, 367438, 3.0533715700003086], ["BigBuckBunny_4s59.m4s", 1008699.0, 458419, 3.8506433420006942], ["BigBuckBunny_4s60.m4s", 782553.0, 412319, 3.437007617000745], ["BigBuckBunny_4s61.m4s", 1008699.0, 508846, 4.274400456999501]]}