{"playback_info": {"start_time": 1761886638.2020962, "end_time": null, "initial_buffering_duration": 0.019145727157592773, "interruptions": {"count": 0, "events": [], "total_duration": 0}, "up_shifts": 24, "down_shifts": 10}, "playback_type": "basic", "video_metadata": {"mpd_file": "BigBuckBunny_4s.mpd", "playback_duration": 596.46, "available_bitrates": [45226, 88783, 128503, 177437, 217761, 255865, 323047, 378355, 509091, 577751, 782553, 1008699, 1207152, 1473801, 2087347, 2409742, 2944291, 3340509, 3613836, 3936261]}, "segment_info": [["BigBuckBunny_4s_init.mp4", 45226, 877, 0.012416540999765857], ["BigBuckBunny_4s1.m4s", 88783.0, 43062, 0.2700091020014952], ["BigBuckBunny_4s2.m4s", 128503.0, 69162, 0.49354506400050013], ["BigBuckBunny_4s3.m4s", 177437.0, 99254, 0.79863087800004], ["BigBuckBunny_4s4.m4s", 217761.0, 118638, 1.0020815970001422], ["BigBuckBunny_4s5.m4s", 255865.0, 110936, 1.0865201870001329], ["BigBuckBunny_4s6.m4s", 323047.0, 105488, 1.5793676639987098], ["BigBuckBunny_4s7.m4s", 378355.0, 241936, 2.844871688999774], ["BigBuckBunny_4s8.m4s", 509091.0, 288784, 1.0039275369999814], ["BigBuckBunny_4s9.m4s", 577751.0, 311430, 4.645796781998797], ["BigBuckBunny_4s10.m4s", 782553.0, 425152, 1.0364437850003014], ["BigBuckBunny_4s11.m4s", 1008699.0, 580463, 1.3739225259996601], ["BigBuckBunny_4s12.m4s", 1207152.0, 733302, 1.7726977429992985], ["BigBuckBunny_4s13.m4s", 1473801.0, 965248, 2.5632527119996666], ["BigBuckBunny_4s14.m4s", 2087347.0, 1265147, 3.5614558170000237], ["BigBuckBunny_4s15.m4s", 2409742.0, 635623, 2.97256605199982], ["BigBuckBunny_4s16.m4s", 2087347.0, 988497, 6.794260618000408], ["BigBuckBunny_4s17.m4s", 1473801.0, 818282, 3.4061987699988094], ["BigBuckBunny_4s18.m4s", 2087347.0, 951159, 3.4575396649997856], ["BigBuckBunny_4s19.m4s", 1473801.0, 739423, 2.530043308999666], ["BigBuckBunny_4s20.m4s", 1207152.0, 765157, 2.858946932001345], ["BigBuckBunny_4s21.m4s", 1473801.0, 803623, 2.8958445610005583], ["BigBuckBunny_4s22.m4s", 2087347.0, 636311, 2.1498049769998033], ["BigBuckBunny_4s23.m4s", 1473801.0, 511793, 1.8985153390003688], ["BigBuckBunny_4s24.m4s", 2087347.0, 577788, 1.9356591050000134], ["BigBuckBunny_4s25.m4s", 1473801.0, 393241, 1.4258203850004065], ["BigBuckBunny_4s26.m4s", 2087347.0, 928235, 3.1412277210001776], ["BigBuckBunny_4s27.m4s", 1473801.0, 496371, 1.664641056999244], ["BigBuckBunny_4s28.m4s", 2087347.0, 843176, 3.5219791769995936], ["BigBuckBunny_4s29.m4s", 1473801.0, 778571, 3.139267243001086], ["BigBuckBunny_4s30.m4s", 2087347.0, 1191370, 4.378069589998631], ["BigBuckBunny_4s31.m4s", 1473801.0, 867952, 3.2046422040002653], ["BigBuckBunny_4s32.m4s", 2087347.0, 1057739, 3.993913791999148], ["BigBuckBunny_4s33.m4s", 1473801.0, 688879, 2.522175321000759], ["BigBuckBunny_4s34.m4s", 2087347.0, 1227371, 4.199278792999394]]}