{"playback_info": {"start_time": 1761887991.8977497, "end_time": null, "initial_buffering_duration": 0.01913928985595703, "interruptions": {"count": 0, "events": [], "total_duration": 0}, "up_shifts": 23, "down_shifts": 9}, "playback_type": "basic", "video_metadata": {"mpd_file": "BigBuckBunny_4s.mpd", "playback_duration": 596.46, "available_bitrates": [45226, 88783, 128503, 177437, 217761, 255865, 323047, 378355, 509091, 577751, 782553, 1008699, 1207152, 1473801, 2087347, 2409742, 2944291, 3340509, 3613836, 3936261]}, "segment_info": [["BigBuckBunny_4s_init.mp4", 45226, 877, 0.012424771000951296], ["BigBuckBunny_4s1.m4s", 88783.0, 43062, 0.2733446689999255], ["BigBuckBunny_4s2.m4s", 128503.0, 69162, 0.47154976800084114], ["BigBuckBunny_4s3.m4s", 177437.0, 99254, 1.184671865999917], ["BigBuckBunny_4s4.m4s", 217761.0, 118638, 1.004878371999439], ["BigBuckBunny_4s5.m4s", 255865.0, 110936, 0.7672906079988024], ["BigBuckBunny_4s6.m4s", 323047.0, 105488, 0.8277447390009911], ["BigBuckBunny_4s7.m4s", 378355.0, 241936, 2.916106802000286], ["BigBuckBunny_4s8.m4s", 509091.0, 288784, 2.3085818409999774], ["BigBuckBunny_4s9.m4s", 577751.0, 311430, 4.762559303000671], ["BigBuckBunny_4s10.m4s", 782553.0, 425152, 0.6769489079997584], ["BigBuckBunny_4s11.m4s", 1008699.0, 580463, 1.0487957580007787], ["BigBuckBunny_4s12.m4s", 1207152.0, 733302, 1.4344445240003552], ["BigBuckBunny_4s13.m4s", 1473801.0, 965248, 1.7648894670001027], ["BigBuckBunny_4s14.m4s", 2087347.0, 1265147, 2.526258982001309], ["BigBuckBunny_4s15.m4s", 2409742.0, 635623, 1.2799949899999774], ["BigBuckBunny_4s16.m4s", 2944291.0, 1117256, 2.3599545789984404], ["BigBuckBunny_4s17.m4s", 3340509.0, 1673157, 4.286322750000181], ["BigBuckBunny_4s18.m4s", 2944291.0, 1222383, 2.5486194969998905], ["BigBuckBunny_4s19.m4s", 3340509.0, 1667484, 10.720574008999392], ["BigBuckBunny_4s20.m4s", 1473801.0, 1022921, 7.915651407000041], ["BigBuckBunny_4s21.m4s", 2087347.0, 1122266, 10.376598113998625], ["BigBuckBunny_4s22.m4s", 1207152.0, 337952, 3.7618569179994665], ["BigBuckBunny_4s23.m4s", 1008699.0, 377101, 5.171531625999705], ["BigBuckBunny_4s24.m4s", 782553.0, 311645, 4.833675914998821], ["BigBuckBunny_4s25.m4s", 577751.0, 191260, 1.9456791840002552], ["BigBuckBunny_4s26.m4s", 782553.0, 359742, 2.9677208799985237], ["BigBuckBunny_4s27.m4s", 509091.0, 255147, 2.5874240819994156], ["BigBuckBunny_4s28.m4s", 577751.0, 231112, 3.2356013779990462], ["BigBuckBunny_4s29.m4s", 509091.0, 276558, 2.7940050850011175], ["BigBuckBunny_4s30.m4s", 577751.0, 319633, 3.355677473000469], ["BigBuckBunny_4s31.m4s", 782553.0, 422879, 4.073268050999104], ["BigBuckBunny_4s32.m4s", 577751.0, 284242, 1.7655040030003875]]}