{"playback_info": {"start_time": 1761886185.9101481, "end_time": null, "initial_buffering_duration": 0.019106626510620117, "interruptions": {"count": 0, "events": [], "total_duration": 0}, "up_shifts": 20, "down_shifts": 8}, "playback_type": "basic", "video_metadata": {"mpd_file": "BigBuckBunny_4s.mpd", "playback_duration": 596.46, "available_bitrates": [45226, 88783, 128503, 177437, 217761, 255865, 323047, 378355, 509091, 577751, 782553, 1008699, 1207152, 1473801, 2087347, 2409742, 2944291, 3340509, 3613836, 3936261]}, "segment_info": [["BigBuckBunny_4s_init.mp4", 45226, 877, 0.012371759999950882], ["BigBuckBunny_4s1.m4s", 88783.0, 43062, 0.06477620099940395], ["BigBuckBunny_4s2.m4s", 128503.0, 69162, 0.1706627550011035], ["BigBuckBunny_4s3.m4s", 177437.0, 99254, 0.21133967400055553], ["BigBuckBunny_4s4.m4s", 217761.0, 118638, 0.25400724900100613], ["BigBuckBunny_4s5.m4s", 255865.0, 110936, 0.2357070220004971], ["BigBuckBunny_4s6.m4s", 323047.0, 105488, 0.22964438700000755], ["BigBuckBunny_4s7.m4s", 378355.0, 241936, 0.5143750930001261], ["BigBuckBunny_4s8.m4s", 509091.0, 288784, 0.606638027000372], ["BigBuckBunny_4s9.m4s", 577751.0, 311430, 0.643895422001151], ["BigBuckBunny_4s10.m4s", 782553.0, 425152, 0.908577891999812], ["BigBuckBunny_4s11.m4s", 1008699.0, 580463, 1.303332331999627], ["BigBuckBunny_4s12.m4s", 1207152.0, 733302, 1.6928883559994574], ["BigBuckBunny_4s13.m4s", 1473801.0, 965248, 3.3458694630007813], ["BigBuckBunny_4s14.m4s", 2087347.0, 1265147, 4.364026780000131], ["BigBuckBunny_4s15.m4s", 2409742.0, 635623, 2.2243026920004922], ["BigBuckBunny_4s16.m4s", 2087347.0, 988497, 5.87633054700018], ["BigBuckBunny_4s17.m4s", 1473801.0, 818282, 5.726576359000319], ["BigBuckBunny_4s18.m4s", 1207152.0, 536307, 3.7983681470013835], ["BigBuckBunny_4s19.m4s", 1473801.0, 739423, 3.8927691289991344], ["BigBuckBunny_4s20.m4s", 1008699.0, 615963, 4.6206724230014515], ["BigBuckBunny_4s21.m4s", 1207152.0, 684557, 5.472158815000512], ["BigBuckBunny_4s22.m4s", 782553.0, 339111, 2.49881633699988], ["BigBuckBunny_4s23.m4s", 1008699.0, 377101, 2.5886691309988237], ["BigBuckBunny_4s24.m4s", 782553.0, 311645, 2.619291089999024], ["BigBuckBunny_4s25.m4s", 1008699.0, 350763, 2.966447603999768], ["BigBuckBunny_4s26.m4s", 782553.0, 359742, 4.8603827679999085], ["BigBuckBunny_4s27.m4s", 577751.0, 267204, 4.086358618000304], ["BigBuckBunny_4s28.m4s", 782553.0, 357820, 3.066964812000151]]}