{"playback_info": {"start_time": 1761882410.1479087, "end_time": null, "initial_buffering_duration": 0.01863718032836914, "interruptions": {"count": 0, "events": [], "total_duration": 0}, "up_shifts": 39, "down_shifts": 28}, "playback_type": "basic", "video_metadata": {"mpd_file": "BigBuckBunny_4s.mpd", "playback_duration": 596.46, "available_bitrates": [45226, 88783, 128503, 177437, 217761, 255865, 323047, 378355, 509091, 577751, 782553, 1008699, 1207152, 1473801, 2087347, 2409742, 2944291, 3340509, 3613836, 3936261]}, "segment_info": [["BigBuckBunny_4s_init.mp4", 45226, 877, 0.011912757000573038], ["BigBuckBunny_4s1.m4s", 88783.0, 43062, 0.3006907740000315], ["BigBuckBunny_4s2.m4s", 128503.0, 69162, 0.6165311559998372], ["BigBuckBunny_4s3.m4s", 177437.0, 99254, 0.8471649769999203], ["BigBuckBunny_4s4.m4s", 217761.0, 118638, 1.001717187000395], ["BigBuckBunny_4s5.m4s", 255865.0, 110936, 0.9108769129998109], ["BigBuckBunny_4s6.m4s", 323047.0, 105488, 0.8937498649993358], ["BigBuckBunny_4s7.m4s", 378355.0, 241936, 2.023330977999649], ["BigBuckBunny_4s8.m4s", 509091.0, 288784, 2.4139465990001554], ["BigBuckBunny_4s9.m4s", 577751.0, 311430, 2.6116600710001876], ["BigBuckBunny_4s10.m4s", 782553.0, 425152, 3.5520747740001752], ["BigBuckBunny_4s11.m4s", 1008699.0, 580463, 4.8665817400005835], ["BigBuckBunny_4s12.m4s", 782553.0, 444517, 3.7195175019996896], ["BigBuckBunny_4s13.m4s", 1008699.0, 576366, 4.835292847999881], ["BigBuckBunny_4s14.m4s", 782553.0, 434701, 3.6245638829996096], ["BigBuckBunny_4s15.m4s", 1008699.0, 313859, 2.633174324999345], ["BigBuckBunny_4s16.m4s", 782553.0, 347957, 2.9180814060000557], ["BigBuckBunny_4s17.m4s", 1008699.0, 552134, 4.620798613999796], ["BigBuckBunny_4s18.m4s", 782553.0, 374615, 3.1314231249998556], ["BigBuckBunny_4s19.m4s", 1008699.0, 484179, 4.0560448769992945], ["BigBuckBunny_4s20.m4s", 782553.0, 461770, 3.8585299910000685], ["BigBuckBunny_4s21.m4s", 1008699.0, 564958, 4.737030575999597], ["BigBuckBunny_4s22.m4s", 782553.0, 339111, 2.8265860970004724], ["BigBuckBunny_4s23.m4s", 1008699.0, 377101, 3.153802908000216], ["BigBuckBunny_4s24.m4s", 782553.0, 311645, 2.612080676000005], ["BigBuckBunny_4s25.m4s", 1008699.0, 350763, 2.948183450000215], ["BigBuckBunny_4s26.m4s", 782553.0, 359742, 3.0089486929991835], ["BigBuckBunny_4s27.m4s", 1008699.0, 482454, 4.040903229999458], ["BigBuckBunny_4s28.m4s", 782553.0, 357820, 2.9844245249996675], ["BigBuckBunny_4s29.m4s", 1008699.0, 547921, 4.5821881589999975], ["BigBuckBunny_4s30.m4s", 782553.0, 417538, 3.4956276590000925], ["BigBuckBunny_4s31.m4s", 1008699.0, 573401, 4.815023605000533], ["BigBuckBunny_4s32.m4s", 782553.0, 378707, 3.163766200000282], ["BigBuckBunny_4s33.m4s", 1008699.0, 562843, 4.708052649999445], ["BigBuckBunny_4s34.m4s", 782553.0, 426107, 3.5593915039999047], ["BigBuckBunny_4s35.m4s", 1008699.0, 576107, 4.838893914000437], ["BigBuckBunny_4s36.m4s", 782553.0, 439510, 3.6588334379994194], ["BigBuckBunny_4s37.m4s", 1008699.0, 504071, 4.223559115999706], ["BigBuckBunny_4s38.m4s", 782553.0, 376443, 3.1528988670006584], ["BigBuckBunny_4s39.m4s", 1008699.0, 536443, 4.483761068000604], ["BigBuckBunny_4s40.m4s", 782553.0, 370456, 3.1085902499999065], ["BigBuckBunny_4s41.m4s", 1008699.0, 516461, 4.312325199999577], ["BigBuckBunny_4s42.m4s", 782553.0, 372544, 3.135252627999762], ["BigBuckBunny_4s43.m4s", 1008699.0, 418063, 3.4818633719996797], ["BigBuckBunny_4s44.m4s", 782553.0, 342560, 2.8812425169999187], ["BigBuckBunny_4s45.m4s", 1008699.0, 558646, 4.660075359000075], ["BigBuckBunny_4s46.m4s", 782553.0, 416794, 3.5001766109999153], ["BigBuckBunny_4s47.m4s", 1008699.0, 578270, 4.833319196999582], ["BigBuckBunny_4s48.m4s", 782553.0, 313743, 2.6349019589997624], ["BigBuckBunny_4s49.m4s", 1008699.0, 531318, 4.455298352999307], ["BigBuckBunny_4s50.m4s", 782553.0, 320363, 2.6784632170001714], ["BigBuckBunny_4s51.m4s", 1008699.0, 481553, 4.014482992999547], ["BigBuckBunny_4s52.m4s", 782553.0, 370020, 3.1100842010000633], ["BigBuckBunny_4s53.m4s", 1008699.0, 573092, 4.780680333000419], ["BigBuckBunny_4s54.m4s", 782553.0, 423468, 3.5483322779991795], ["BigBuckBunny_4s55.m4s", 1008699.0, 541583, 4.537623448999511], ["BigBuckBunny_4s56.m4s", 782553.0, 308687, 2.5826539549998415], ["BigBuckBunny_4s57.m4s", 1008699.0, 428458, 3.6016903439995076], ["BigBuckBunny_4s58.m4s", 782553.0, 367438, 3.0655808280007477], ["BigBuckBunny_4s59.m4s", 1008699.0, 458419, 3.838656267999795], ["BigBuckBunny_4s60.m4s", 782553.0, 412319, 3.4370240439993722], ["BigBuckBunny_4s61.m4s", 1008699.0, 508846, 4.274533003000215], ["BigBuckBunny_4s62.m4s", 782553.0, 408538, 3.4105869530003474], ["BigBuckBunny_4s63.m4s", 1008699.0, 521650, 4.364549048999834], ["BigBuckBunny_4s64.m4s", 782553.0, 405276, 3.3967897610000364], ["BigBuckBunny_4s65.m4s", 1008699.0, 465521, 3.8894460969995635], ["BigBuckBunny_4s66.m4s", 782553.0, 353456, 2.9756613379995542], ["BigBuckBunny_4s67.m4s", 1008699.0, 505334, 4.2278388660006385]]}