{"playback_info": {"start_time": 1761885499.7297673, "end_time": null, "initial_buffering_duration": 0.019788742065429688, "interruptions": {"count": 0, "events": [], "total_duration": 0}, "up_shifts": 22, "down_shifts": 6}, "playback_type": "basic", "video_metadata": {"mpd_file": "BigBuckBunny_4s.mpd", "playback_duration": 596.46, "available_bitrates": [45226, 88783, 128503, 177437, 217761, 255865, 323047, 378355, 509091, 577751, 782553, 1008699, 1207152, 1473801, 2087347, 2409742, 2944291, 3340509, 3613836, 3936261]}, "segment_info": [["BigBuckBunny_4s_init.mp4", 45226, 877, 0.01236540799982322], ["BigBuckBunny_4s1.m4s", 88783.0, 43062, 0.0559762109987787], ["BigBuckBunny_4s2.m4s", 128503.0, 69162, 0.15492033600094146], ["BigBuckBunny_4s3.m4s", 177437.0, 99254, 0.19533652599966445], ["BigBuckBunny_4s4.m4s", 217761.0, 118638, 0.23444133600060013], ["BigBuckBunny_4s5.m4s", 255865.0, 110936, 0.21762711700102955], ["BigBuckBunny_4s6.m4s", 323047.0, 105488, 0.21225411300110864], ["BigBuckBunny_4s7.m4s", 378355.0, 241936, 0.4691598230001546], ["BigBuckBunny_4s8.m4s", 509091.0, 288784, 0.5566966039987165], ["BigBuckBunny_4s9.m4s", 577751.0, 311430, 0.5436927209993883], ["BigBuckBunny_4s10.m4s", 782553.0, 425152, 0.7490222439992067], ["BigBuckBunny_4s11.m4s", 1008699.0, 580463, 1.1462601589992119], ["BigBuckBunny_4s12.m4s", 1207152.0, 733302, 1.7857675690011092], ["BigBuckBunny_4s13.m4s", 1473801.0, 965248, 1.791414983001232], ["BigBuckBunny_4s14.m4s", 2087347.0, 1265147, 2.7117792349999945], ["BigBuckBunny_4s15.m4s", 2409742.0, 635623, 1.194731072999275], ["BigBuckBunny_4s16.m4s", 2944291.0, 1117256, 2.0561470720003854], ["BigBuckBunny_4s17.m4s", 3340509.0, 1673157, 3.3359492380004667], ["BigBuckBunny_4s18.m4s", 3613836.0, 1318663, 2.6471663810007158], ["BigBuckBunny_4s19.m4s", 3340509.0, 1667484, 3.3733381780002674], ["BigBuckBunny_4s20.m4s", 3613836.0, 3097219, 6.320737920999818], ["BigBuckBunny_4s21.m4s", 2944291.0, 1516616, 3.22014494799987], ["BigBuckBunny_4s22.m4s", 3340509.0, 650574, 1.3693411349995586], ["BigBuckBunny_4s23.m4s", 2944291.0, 981087, 2.127129087999492], ["BigBuckBunny_4s24.m4s", 3340509.0, 564376, 1.5327418559991202], ["BigBuckBunny_4s25.m4s", 2944291.0, 699611, 1.7675772719994711], ["BigBuckBunny_4s26.m4s", 2409742.0, 1053858, 2.9790466070007824], ["BigBuckBunny_4s27.m4s", 2944291.0, 952978, 2.6456294619983964], ["BigBuckBunny_4s28.m4s", 2409742.0, 862574, 1.743255933999535]]}